,RSI,STOCH_D,MACD_HIST,LABEL
0,1,2,1,0
1,0,2,1,0
2,0,0,0,1
3,1,0,0,-1
4,1,1,1,1
5,0,0,0,1
6,0,0,0,-1
7,0,0,0,0
8,1,1,1,1
9,0,0,0,1
10,1,0,0,-1
11,0,2,1,-1
12,0,2,1,0
13,1,1,1,-1
14,1,1,1,-1
15,0,1,0,0
16,0,0,0,1
17,1,2,0,1
18,0,2,0,0
19,1,1,1,-1
20,0,2,0,0
21,0,2,0,-1
22,1,1,1,0
23,1,0,0,-1
24,1,1,1,1
25,1,2,0,1
26,1,2,0,1
27,0,0,0,-1
28,1,1,1,0
29,0,0,0,-1
30,0,2,0,1
31,0,0,0,1
32,0,2,0,-1
33,1,2,1,-1
34,1,1,1,1
35,1,0,0,0
36,0,2,1,-1
37,0,2,1,-1
38,0,0,0,0
39,1,2,1,1
40,0,0,0,1
41,0,0,0,-1
42,0,1,1,0
43,1,2,0,1
44,1,2,1,-1
45,1,1,1,0
46,1,0,0,1
47,0,0,0,0
48,0,2,1,-1
49,1,2,1,0
50,0,2,0,1
51,1,2,1,0
52,0,0,0,1
53,1,0,1,-1
54,0,2,1,-1
55,0,2,0,1
56,1,2,0,1
57,0,0,0,1
58,0,0,0,0
59,1,1,1,1
60,0,2,1,0
61,0,0,0,1
62,1,2,0,1
63,0,0,0,1
64,1,1,1,1
65,1,2,1,-1
66,1,1,1,0
67,0,2,0,-1
68,1,1,0,1
69,0,0,0,0
70,1,2,0,1
71,1,2,1,-1
72,1,1,1,-1
73,0,2,0,0
74,0,0,0,0
75,1,2,1,0
76,1,0,0,1
77,0,0,0,1
78,0,0,0,1
79,1,0,0,1
80,1,2,1,1
81,0,0,0,-1
82,0,2,1,-1
83,1,2,1,-1
84,0,2,1,0
85,0,0,0,-1
86,1,1,1,0
87,1,2,0,1
88,0,0,0,0
89,0,2,1,1
90,1,2,1,0
91,0,2,1,-1
92,1,2,1,1
93,0,2,0,1
94,0,0,0,-1
95,1,1,1,1
96,1,0,1,1
97,1,2,0,0
98,1,1,1,0
99,1,2,1,-1
100,0,2,1,1
101,0,0,0,0
102,1,1,1,0
103,0,2,0,-1
104,1,1,1,1
105,0,0,0,1
106,0,0,0,0
107,1,1,1,0
108,1,2,0,-1
109,1,1,1,1
110,1,2,0,0
111,0,0,0,1
112,1,2,0,1
113,0,0,1,-1
114,1,1,1,-1
115,0,1,1,0
116,0,0,0,0
117,0,0,0,-1
118,0,2,0,1
119,1,2,1,1
120,0,0,0,1
121,0,0,1,1
122,0,0,1,-1
123,1,2,1,-1
124,1,1,1,1
125,1,2,1,1
126,1,1,1,1
127,1,2,0,1
128,0,0,0,0
129,1,2,1,1
130,0,0,0,0
131,0,2,1,-1
132,0,2,1,1
133,1,2,1,0
134,0,2,1,-1
135,0,2,1,-1
136,0,2,0,1
137,1,2,0,0
138,0,0,0,-1
139,0,2,0,-1
140,1,2,1,0
141,1,1,1,-1
142,0,2,1,0
143,1,1,0,1
144,0,0,0,1
145,1,2,1,1
146,0,0,0,-1
147,1,1,1,1
148,0,0,0,1
149,0,0,0,0
150,0,0,1,1
151,0,0,0,1
152,0,0,1,-1
153,0,2,1,1
154,0,0,0,0
155,1,2,1,-1
156,0,1,1,1
157,1,2,0,0
158,0,0,0,0
159,0,2,0,0
160,1,2,1,1
161,0,0,0,1
162,1,2,1,0
163,1,2,1,-1
164,0,1,1,1
165,1,2,0,0
166,0,0,0,-1
167,1,2,0,0
168,0,2,0,-1
169,1,1,1,-1
170,1,1,1,0
171,0,0,0,-1
172,0,2,0,-1
173,0,1,1,-1
174,0,2,0,-1
175,1,1,0,1
176,1,1,0,-1
177,1,1,1,1
178,1,0,0,0
179,1,2,0,1
180,0,0,0,1
181,0,0,0,1
182,1,2,1,0
183,0,2,1,1
184,0,0,0,1
185,1,0,1,1
186,0,0,1,-1
187,1,2,1,-1
188,1,1,1,0
189,0,2,0,1
190,1,0,0,-1
191,0,2,0,0
192,1,0,0,-1
193,0,1,1,0
194,0,2,0,0
195,0,2,0,-1
196,0,0,0,0
197,1,1,1,-1
198,0,2,0,-1
199,0,0,0,1
200,0,0,0,1
201,1,2,1,1
202,1,2,1,-1
203,0,1,1,0
204,1,1,0,0
205,1,2,0,-1
206,0,2,1,-1
207,0,1,0,1
208,1,0,0,0
209,0,2,1,0
210,1,0,0,1
211,0,0,0,-1
212,0,2,1,-1
213,1,1,1,1
214,1,2,0,1
215,1,0,0,1
216,0,0,0,-1
217,1,1,1,1
218,0,2,0,0
219,0,0,0,1
220,1,2,0,0
221,0,2,1,1
222,1,2,1,1
223,0,0,0,-1
224,0,0,0,0
225,0,2,1,-1
226,0,1,1,0
227,0,0,0,1
228,0,0,0,-1
229,0,0,0,1
230,0,0,0,0
231,1,2,1,-1
232,1,1,1,1
233,0,2,1,1
234,0,0,0,1
235,0,0,0,0
236,1,2,1,1
237,0,0,1,1
238,0,0,0,-1
239,1,1,1,-1
240,0,2,1,-1
241,1,2,1,-1
242,0,1,1,0
243,1,0,0,-1
244,1,1,1,1
245,0,0,0,1
246,1,2,1,-1
247,0,2,1,1
248,1,0,0,0
249,0,2,1,1
250,0,0,0,1
251,0,0,0,-1
252,1,2,1,0
253,1,2,1,1
254,0,0,0,-1
255,1,1,1,1
256,0,0,0,1
257,1,2,1,-1
258,0,2,1,-1
259,1,1,1,-1
260,0,0,0,0
261,0,0,0,-1
262,0,2,1,0
263,1,0,0,1
264,1,2,1,1
265,1,2,1,0
266,0,2,0,0
267,0,0,0,-1
268,1,1,1,1
269,1,2,1,-1
270,1,1,1,0
271,1,1,1,1
272,1,0,0,1
273,0,0,0,1
274,0,0,1,-1
275,0,2,1,-1
276,0,2,1,0
277,1,1,1,0
278,1,1,1,1
279,1,0,0,1
280,0,0,0,1
281,0,0,0,-1
282,1,1,1,0
283,0,0,1,1
284,0,0,0,0
285,1,2,1,1
286,0,0,1,-1
287,1,2,1,0
288,1,1,1,1
289,0,2,1,0
290,0,2,1,1
291,1,2,0,0
292,1,1,1,1
293,0,0,0,1
294,1,0,1,1
295,0,2,1,1
296,0,0,1,-1
297,1,1,1,1
298,0,2,1,1
299,1,2,0,-1
300,0,2,1,0
301,1,1,1,-1
302,0,2,0,-1
303,0,1,1,0
304,1,2,0,1
305,0,0,0,1
306,0,0,0,1
307,0,0,0,0
308,1,2,1,0
309,1,2,1,1
310,0,0,0,0
311,0,2,1,1
312,0,0,0,1
313,0,0,0,1
314,1,2,1,-1
315,1,1,1,0
316,0,2,0,0
317,0,2,0,-1
318,1,1,1,0
319,1,2,1,1
320,1,2,0,0
321,1,1,1,-1
322,0,2,1,-1
323,1,1,1,1
324,0,0,0,0
325,0,2,0,1
326,0,0,0,1
327,1,0,0,1
328,1,2,1,0
329,0,2,1,-1
330,1,1,1,1
331,0,2,1,-1
332,0,2,0,-1
333,1,1,1,0
334,0,2,0,0
335,1,2,0,-1
336,1,1,1,-1
337,0,2,0,1
338,1,2,0,-1
339,0,2,1,1
340,0,0,0,-1
341,1,1,1,1
342,0,2,1,1
343,0,0,0,0
344,1,2,1,-1
345,0,2,1,1
346,0,0,0,-1
347,0,2,1,-1
348,1,1,1,0
349,0,0,0,-1
350,0,2,1,1
351,1,0,0,-1
352,1,1,1,1
353,0,0,0,1
354,1,2,1,-1
355,0,2,1,1
356,0,0,0,0
357,1,2,1,-1
358,0,1,1,-1
359,1,1,1,1
360,1,2,0,1
361,0,2,0,0
362,0,2,0,1
363,0,0,0,-1
364,0,0,0,1
365,1,2,0,1
366,0,0,1,-1
367,1,1,1,0
368,1,1,1,0
369,1,1,1,0
370,1,2,0,0
371,1,2,0,1
372,0,0,0,-1
373,1,1,1,0
374,1,0,0,1
375,1,2,0,-1
376,1,1,1,0
377,0,0,0,1
378,1,2,0,0
379,0,0,0,-1
380,0,2,1,0
381,1,1,1,1
382,1,0,0,-1
383,0,2,1,-1
384,1,1,1,1
385,0,0,0,0
386,0,2,0,1
387,0,0,0,0
388,0,0,1,-1
389,0,1,1,-1
390,0,2,1,1
391,0,2,0,-1
392,0,2,0,1
393,1,0,0,1
394,0,0,0,1
395,1,0,0,1
396,1,0,0,-1
397,1,1,1,-1
398,0,2,0,-1
399,1,1,0,-1
400,0,1,1,0
401,1,2,0,-1
402,0,2,1,0
403,1,1,1,1
404,0,0,0,1
405,0,0,0,0
406,1,2,1,-1
407,0,0,1,-1
408,0,2,1,1
409,1,2,1,1
410,1,2,1,0
411,1,1,1,-1
412,1,1,1,0
413,1,2,0,1
414,0,0,0,-1
415,1,1,1,0
416,0,0,0,-1
417,0,2,0,-1
418,1,2,1,0
419,1,0,0,0
420,0,2,0,0
421,1,2,1,-1
422,0,2,1,0
423,1,2,1,1
424,0,0,0,1
425,1,2,1,1
426,0,0,0,1
427,0,0,0,0
428,1,2,1,1
429,0,0,1,1
430,1,2,1,-1
431,0,2,1,0
432,0,0,0,1
433,1,0,1,1
434,1,0,0,1
435,0,0,0,-1
436,1,1,1,0
437,1,0,1,-1
438,0,2,1,0
439,0,2,0,-1
440,0,0,0,1
441,0,0,0,0
442,1,2,1,-1
443,0,2,1,1
444,1,1,1,0
445,0,2,0,1
446,0,0,0,1
447,0,0,0,1
448,0,0,0,0
449,0,2,1,-1
450,0,2,0,-1
451,0,2,0,0
452,0,0,0,1
453,0,0,0,1
454,1,2,1,1
455,0,0,0,0
456,1,1,1,1
457,1,2,1,0
458,0,0,0,1
459,0,0,0,1
460,0,0,0,0
461,0,2,1,1
462,0,0,0,-1
463,0,2,1,-1
464,0,2,1,0
465,1,2,0,1
466,0,2,0,1
467,0,0,0,1
468,0,2,1,1
469,0,0,0,0
470,0,0,0,1
471,0,0,0,-1
472,1,1,1,-1
473,0,2,1,1
474,0,0,0,-1
475,1,1,1,1
476,1,2,0,0
477,0,0,0,0
478,1,2,0,-1
479,0,2,1,-1
480,1,1,1,-1
481,1,1,1,-1
482,0,1,1,1
483,1,0,0,-1
484,0,2,0,0
485,1,2,0,0
486,0,2,1,0
487,0,2,1,-1
488,1,1,1,1
489,0,0,0,1
490,1,2,0,0
491,1,2,1,1
492,0,2,0,1
493,0,0,0,1
494,1,2,1,1
495,0,0,1,1
496,0,0,0,-1
497,1,2,1,-1
498,0,2,1,-1
499,0,2,1,0
500,0,2,0,-1
501,1,1,1,1
502,0,0,0,1
503,0,0,0,-1
504,1,2,0,0
505,1,1,1,0
506,1,1,1,0
507,1,2,0,1
508,1,0,0,1
509,0,2,1,0
510,0,0,1,0
511,0,0,0,1
512,0,0,0,-1
513,0,2,1,0
514,1,1,1,0
515,0,0,0,1
516,1,1,1,-1
517,1,1,1,1
518,0,0,0,-1
519,0,2,0,0
520,0,0,0,-1
521,1,2,1,1
522,1,0,1,-1
523,0,2,1,-1
524,0,2,1,0
525,1,2,0,0
526,1,2,1,1
527,1,2,1,0
528,0,0,0,1
529,0,0,0,1
530,0,0,1,0
531,0,2,1,0
532,1,2,1,-1
533,1,1,1,-1
534,0,1,1,1
535,1,2,0,-1
536,0,2,0,0
537,1,2,0,1
538,0,0,0,0
539,0,0,0,-1
540,1,1,1,0
541,1,2,1,1
542,0,0,0,1
543,0,0,0,0
544,0,0,0,-1
545,0,2,1,-1
546,1,2,1,1
547,0,0,0,-1
548,1,2,1,0
549,1,2,1,-1
550,0,2,0,0
551,0,0,0,1
552,0,0,0,-1
553,1,2,1,-1
554,1,2,1,1
555,1,0,0,1
556,0,0,0,-1
557,1,1,1,1
558,0,2,1,0
559,0,0,0,1
560,1,0,0,1
561,0,0,1,1
562,1,0,0,-1
563,0,2,1,-1
564,1,1,1,-1
565,1,1,1,-1
566,1,2,1,-1
567,1,1,1,0
568,0,2,0,0
569,0,0,0,1
570,1,0,0,-1
571,1,1,1,-1
572,1,1,1,1
573,0,0,0,0
574,0,2,1,0
575,1,2,1,0
576,0,2,0,-1
577,1,1,1,1
578,0,0,0,1
579,1,0,0,1
580,1,2,1,-1
581,0,2,1,1
582,0,0,0,-1
583,0,2,1,0
584,0,0,0,1
585,0,0,0,-1
586,0,2,1,-1
587,1,2,1,-1
588,1,1,1,0
589,1,2,0,0
590,0,2,0,0
591,1,2,0,0
592,0,0,0,1
593,1,2,1,0
594,1,2,1,-1
595,1,1,1,-1
596,1,1,1,0
597,1,2,0,-1
598,1,1,1,-1
599,0,2,0,0
600,1,2,0,-1
601,1,1,1,1
602,1,2,0,0
603,0,2,0,1
604,1,0,0,0
605,1,1,1,0
606,0,2,0,1
607,1,2,0,1
608,1,2,0,1
609,1,2,1,1
610,0,0,0,-1
611,1,2,1,-1
612,0,1,1,0
613,1,0,0,0
614,0,2,0,1
615,1,0,0,0
616,0,2,1,0
